{
  "nearest_pop": {
    "avg_rtt": 34.68125320169713,
    "avg_sat": 12.944830954286637,
    "avg_gnd": 21.736422247410495,
    "pops_used_avg": 24.5625,
    "best_epoch": {
      "epoch": 44,
      "avg_rtt": 33.09251963922843,
      "avg_sat": 13.224814200999875,
      "avg_gnd": 19.867705438228555,
      "pops_used": 25
    },
    "worst_epoch": {
      "epoch": 26,
      "avg_rtt": 36.64397163613014,
      "avg_sat": 13.349888307945106,
      "avg_gnd": 23.294083328185035,
      "pops_used": 25
    }
  },
  "service_aware": {
    "avg_rtt": 26.73015184970431,
    "avg_sat": 16.456738109712443,
    "avg_gnd": 10.273413739991867,
    "pops_used_avg": 22.958333333333332,
    "best_epoch": {
      "epoch": 37,
      "avg_rtt": 25.896512539172093,
      "avg_sat": 15.642477223947223,
      "avg_gnd": 10.254035315224872,
      "pops_used": 24
    },
    "worst_epoch": {
      "epoch": 26,
      "avg_rtt": 27.491808353551068,
      "avg_sat": 16.684611381156785,
      "avg_gnd": 10.807196972394284,
      "pops_used": 23
    }
  },
  "delta_ms": {
    "avg_rtt": -7.951101351992822,
    "avg_sat": 3.5119071554258063,
    "avg_gnd": -11.463008507418628,
    "pops_used_avg": -1.6041666666666679
  }
}