{
  "overall": {
    "scope": "overall",
    "nearest_total_ms": 34.68125320169713,
    "service_total_ms": 26.730151849704313,
    "total_improve_ms": 7.951101351992818,
    "total_improve_pct": 22.926222722550666,
    "nearest_sat_ms": 12.944830954286637,
    "service_sat_ms": 16.456738109712447,
    "sat_improve_pct": -27.129803145577995,
    "nearest_gnd_ms": 21.736422247410495,
    "service_gnd_ms": 10.273413739991867,
    "gnd_improve_pct": 52.73640885764556,
    "n": 48480
  },
  "country_pct_improvement": [
    {
      "country_code": "NZ",
      "nearest_total_ms": 74.59448837788815,
      "service_total_ms": 37.67922875176082,
      "total_improve_ms": 36.91525962612734,
      "total_improve_pct": 49.48791851633643,
      "nearest_sat_ms": 7.588625776781295,
      "service_sat_ms": 18.77227104872989,
      "sat_improve_pct": -147.37378809964358,
      "nearest_gnd_ms": 67.00586260110686,
      "service_gnd_ms": 18.906957703030926,
      "gnd_improve_pct": 71.78312916350905,
      "n": 1440
    },
    {
      "country_code": "CA",
      "nearest_total_ms": 34.53723490431111,
      "service_total_ms": 17.474484137185776,
      "total_improve_ms": 17.062750767125337,
      "total_improve_pct": 49.403928294779256,
      "nearest_sat_ms": 8.780148570080739,
      "service_sat_ms": 12.530052681424458,
      "sat_improve_pct": -42.70889132926411,
      "nearest_gnd_ms": 25.757086334230372,
      "service_gnd_ms": 4.9444314557613165,
      "gnd_improve_pct": 80.80360724190173,
      "n": 4320
    },
    {
      "country_code": "AR",
      "nearest_total_ms": 33.10222652039354,
      "service_total_ms": 21.20840871673463,
      "total_improve_ms": 11.893817803658912,
      "total_improve_pct": 35.93056737839491,
      "nearest_sat_ms": 13.611759087443353,
      "service_sat_ms": 14.677742050067966,
      "sat_improve_pct": -7.831338740104256,
      "nearest_gnd_ms": 19.49046743295019,
      "service_gnd_ms": 6.530666666666666,
      "gnd_improve_pct": 66.49302183678749,
      "n": 480
    },
    {
      "country_code": "BG",
      "nearest_total_ms": 61.61466671373133,
      "service_total_ms": 39.71492416598112,
      "total_improve_ms": 21.899742547750215,
      "total_improve_pct": 35.543067447721306,
      "nearest_sat_ms": 18.827582904207517,
      "service_sat_ms": 24.70330398327609,
      "sat_improve_pct": -31.208047835792495,
      "nearest_gnd_ms": 42.787083809523814,
      "service_gnd_ms": 15.011620182705027,
      "gnd_improve_pct": 64.91553327276853,
      "n": 2400
    },
    {
      "country_code": "GB",
      "nearest_total_ms": 33.39445491018945,
      "service_total_ms": 22.33510232737287,
      "total_improve_ms": 11.059352582816583,
      "total_improve_pct": 33.117332241413855,
      "nearest_sat_ms": 8.458646452252115,
      "service_sat_ms": 14.693451135393552,
      "sat_improve_pct": -73.70924790787798,
      "nearest_gnd_ms": 24.935808457937338,
      "service_gnd_ms": 7.641651191979316,
      "gnd_improve_pct": 69.35470849132666,
      "n": 5280
    },
    {
      "country_code": "BD",
      "nearest_total_ms": 63.50528051732874,
      "service_total_ms": 49.988672889933135,
      "total_improve_ms": 13.516607627395608,
      "total_improve_pct": 21.284226315175978,
      "nearest_sat_ms": 36.44705273955096,
      "service_sat_ms": 40.4623772550125,
      "sat_improve_pct": -11.01687026425667,
      "nearest_gnd_ms": 27.05822777777778,
      "service_gnd_ms": 9.526295634920634,
      "gnd_improve_pct": 64.79334968587878,
      "n": 480
    },
    {
      "country_code": "US",
      "nearest_total_ms": 18.464563011700598,
      "service_total_ms": 14.650953027000805,
      "total_improve_ms": 3.8136099846997933,
      "total_improve_pct": 20.65367039709085,
      "nearest_sat_ms": 7.900566176252213,
      "service_sat_ms": 9.042743837194436,
      "sat_improve_pct": -14.456908979199728,
      "nearest_gnd_ms": 10.563996835448384,
      "service_gnd_ms": 5.608209189806368,
      "gnd_improve_pct": 46.91205159218196,
      "n": 12960
    },
    {
      "country_code": "AU",
      "nearest_total_ms": 68.82590132154755,
      "service_total_ms": 56.24338955926834,
      "total_improve_ms": 12.58251176227921,
      "total_improve_pct": 18.281651995365824,
      "nearest_sat_ms": 34.00933646112062,
      "service_sat_ms": 38.575493047397785,
      "sat_improve_pct": -13.426185457917372,
      "nearest_gnd_ms": 34.81656486042693,
      "service_gnd_ms": 17.667896511870552,
      "gnd_improve_pct": 49.2543374606374,
      "n": 2400
    },
    {
      "country_code": "CO",
      "nearest_total_ms": 60.59723779408021,
      "service_total_ms": 51.50773791964794,
      "total_improve_ms": 9.08949987443227,
      "total_improve_pct": 14.999858418167422,
      "nearest_sat_ms": 29.550838163538337,
      "service_sat_ms": 38.61015976257692,
      "sat_improve_pct": -30.656733148830064,
      "nearest_gnd_ms": 31.04639963054187,
      "service_gnd_ms": 12.897578157071019,
      "gnd_improve_pct": 58.45708903269081,
      "n": 480
    },
    {
      "country_code": "DE",
      "nearest_total_ms": 20.36074694913669,
      "service_total_ms": 17.784072817324876,
      "total_improve_ms": 2.5766741318118136,
      "total_improve_pct": 12.65510611299585,
      "nearest_sat_ms": 7.776507163155249,
      "service_sat_ms": 9.845260183868715,
      "sat_improve_pct": -26.60259905006103,
      "nearest_gnd_ms": 12.584239785981442,
      "service_gnd_ms": 7.93881263345616,
      "gnd_improve_pct": 36.91464269220444,
      "n": 6720
    },
    {
      "country_code": "QA",
      "nearest_total_ms": 76.8852132339243,
      "service_total_ms": 67.32528864308279,
      "total_improve_ms": 9.559924590841518,
      "total_improve_pct": 12.434022341533108,
      "nearest_sat_ms": 42.429980694241756,
      "service_sat_ms": 45.28830550402855,
      "sat_improve_pct": -6.736568725742319,
      "nearest_gnd_ms": 34.45523253968254,
      "service_gnd_ms": 22.036983139054232,
      "gnd_improve_pct": 36.041693772712314,
      "n": 480
    },
    {
      "country_code": "ZA",
      "nearest_total_ms": 91.31741648357503,
      "service_total_ms": 80.37978458724764,
      "total_improve_ms": 10.937631896327389,
      "total_improve_pct": 11.977596736209357,
      "nearest_sat_ms": 53.544260199365944,
      "service_sat_ms": 65.96752547843708,
      "sat_improve_pct": -23.201861848150536,
      "nearest_gnd_ms": 37.77315628420909,
      "service_gnd_ms": 14.41225910881055,
      "gnd_improve_pct": 61.84523474720714,
      "n": 960
    },
    {
      "country_code": "NG",
      "nearest_total_ms": 50.52684265554425,
      "service_total_ms": 45.962049619858846,
      "total_improve_ms": 4.564793035685405,
      "total_improve_pct": 9.034392009817212,
      "nearest_sat_ms": 10.677509322210916,
      "service_sat_ms": 15.416774272636621,
      "sat_improve_pct": -44.38549110481487,
      "nearest_gnd_ms": 39.849333333333334,
      "service_gnd_ms": 30.545275347222223,
      "gnd_improve_pct": 23.34808943548477,
      "n": 960
    },
    {
      "country_code": "IT",
      "nearest_total_ms": 25.486479238003028,
      "service_total_ms": 23.484746864362293,
      "total_improve_ms": 2.001732373640735,
      "total_improve_pct": 7.8540953222598935,
      "nearest_sat_ms": 7.944968927891328,
      "service_sat_ms": 10.813103341250887,
      "sat_improve_pct": -36.10000793446515,
      "nearest_gnd_ms": 17.5415103101117,
      "service_gnd_ms": 12.671643523111406,
      "gnd_improve_pct": 27.7619583542535,
      "n": 4320
    },
    {
      "country_code": "PH",
      "nearest_total_ms": 69.19215805111935,
      "service_total_ms": 65.89797596134648,
      "total_improve_ms": 3.2941820897728746,
      "total_improve_pct": 4.760918263799669,
      "nearest_sat_ms": 41.06711864225235,
      "service_sat_ms": 44.163324755262394,
      "sat_improve_pct": -7.5393799598700735,
      "nearest_gnd_ms": 28.125039408866993,
      "service_gnd_ms": 21.734651206084084,